OID_,name,SUM_Shape_Length
1,Coyote Creek,11158.945139426401511
2,San Francisco Bay,15398.655720852399099
3,San Pablo Bay,11602.959222185700128
4,Suisun Bay,7290.110218731059831
